Variant,Protein,Position,REF>ALT,AM_score,rna_mean_abs_log2fc,rna_max_abs_log2fc,rna_bins_gt05,atac_mean_abs_log2fc,atac_max_abs_log2fc,atac_bins_gt05,splice_mean_abs_log2fc,splice_max_abs_log2fc,splice_bins_gt05
Leu49Pro,L49P,"chr7:117,504,345",T>C,0.9757,0.010611921548843384,0.3527383804321289,0,0.00707220658659935,6.940579414367676,13,0.011307558044791222,1.5149726867675781,8
Arg104Gly,R104G,"chr7:117,530,935",A>G,0.8448,0.01099840272217989,0.25188732147216797,0,0.007074457127600908,11.249024391174316,13,0.011237958446145058,1.2515640258789062,6
Pro355Leu,P355L,"chr7:117,540,294",C>T,0.858,0.00982100423425436,0.2552509307861328,0,0.006991832982748747,6.781096458435059,10,0.010796346701681614,0.6289644241333008,6
Phe650Leu,F650L,"chr7:117,592,115",T>C,0.8455,0.009579084813594818,0.24408721923828125,0,0.006982693914324045,5.142715930938721,18,0.010700846090912819,0.9040431976318359,4
Leu986Pro,L986P,"chr7:117,606,722",T>C,0.8685,0.009849224239587784,0.2552509307861328,0,0.00699600949883461,4.67929744720459,9,0.010755110532045364,1.2645225524902344,5
His1054Gln,H1054Q,"chr7:117,611,603",T>G,0.901,0.009796598926186562,0.4244956970214844,0,0.007113100029528141,13.38938045501709,29,0.01078058686107397,3.242255210876465,39
Arg1097Cys,R1097C,"chr7:117,611,730",C>T,0.6513,0.010036434978246689,0.25331878662109375,0,0.0070653678849339485,5.760288238525391,16,0.010999179445207119,0.6317653656005859,2
