Variant,Protein,Position,REF>ALT,AM_score,rna_mean_abs_log2fc,rna_max_abs_log2fc,rna_bins_gt05,atac_mean_abs_log2fc,atac_max_abs_log2fc,atac_bins_gt05,splice_mean_abs_log2fc,splice_max_abs_log2fc,splice_bins_gt05,RNA_SEQ_raw,RNA_SEQ_quantile,ATAC_raw,ATAC_quantile,SPLICE_SITE_USAGE_raw,SPLICE_SITE_USAGE_quantile
Leu49Pro,L49P,"chr7:117,504,345",T>C,0.9757,0.0106119215488433,0.3527383804321289,0,0.0070722065865993,6.940579414367676,13,0.0113075580447912,1.514972686767578,8,0.023842811584472656,0.9992855191230774,0.002082347869873047,0.08057684451341629,0.0078125,0.8209431171417236
Arg104Gly,R104G,"chr7:117,530,935",A>G,0.8448,0.0109984027221798,0.2518873214721679,0,0.0070744571276009,11.249024391174316,13,0.011237958446145,1.2515640258789062,6,0.005838871002197266,0.9736054539680481,0.019916057586669922,0.6989266872406006,0.02734375,0.9933509826660156
Pro355Leu,P355L,"chr7:117,540,294",C>T,0.858,0.0098210042342543,0.2552509307861328,0,0.0069918329827487,6.781096458435059,10,0.0107963467016816,0.6289644241333008,6,0.004543781280517578,0.9645370841026306,0.010710954666137695,0.5369580388069153,0.0078125,0.6349999308586121
Phe650Leu,F650L,"chr7:117,592,115",T>C,0.8455,0.0095790848135948,0.2440872192382812,0,0.006982693914324,5.142715930938721,18,0.0107008460909128,0.904043197631836,4,0.004209280014038086,0.9565308094024658,0.01962590217590332,0.6929783225059509,0.0078125,0.6403306126594543
Leu986Pro,L986P,"chr7:117,606,722",T>C,0.8685,0.0098492242395877,0.2552509307861328,0,0.0069960094988346,4.67929744720459,9,0.0107551105320453,1.2645225524902344,5,0.004330158233642578,0.9584503769874573,0.018405914306640625,0.674555242061615,0.01171875,0.9313192367553711
His1054Gln,H1054Q,"chr7:117,611,603",T>G,0.901,0.0097965989261865,0.4244956970214844,0,0.0071131000295281,13.38938045501709,29,0.0107805868610739,3.242255210876465,39,0.008346080780029297,0.9905739426612854,0.07506465911865234,0.9502374529838562,0.01171875,0.9481947422027588
Arg1097Cys,R1097C,"chr7:117,611,730",C>T,0.6513,0.0100364349782466,0.2533187866210937,0,0.0070653678849339,5.760288238525391,16,0.0109991794452071,0.6317653656005859,2,0.005385398864746094,0.9676127433776855,0.04847311973571777,0.9050900936126709,0.0078125,0.7203001379966736
