Output,Mean |log2FC|,Max |log2FC|,Positions with |log2FC|>0.5
RNA-seq,0.009674696251749992,0.24917984008789062,0
ATAC-seq,0.006962683517485857,12.219531059265137,15
Splice site usage,0.010760435834527016,0.5364370346069336,2
